BaeafBsVXww,it
ed0UeK9xGWo,it
vSRqlvCDR14,en
gSebRJ6IakQ,en
AoKfWxECT6U,en
0WUKV2Agdmc,en
Z9C4NhKdxiU,en
-UruFwEBLaI,it
GocYNUfl-I0,it
lEBWBwyF754,it
LrJ81neihx0,it
y4VFauFOI0s,it
CxdT0M0gIZU,it
UhlkBl9OTV8,it
UH9zK6yZaCs,it
w4nYerEFtdk,it
Pw7lKASmwN4,it
F_w921j1s7s,it
8_213lH6Cco,it
de-gF0xsI-M,it
DeCoOWuij60,it
X6T9W7y6hPQ,en
bADmNWu_pDM,it
OLtf-w_RRbE,en
optNqpMgJlU,en
nzOr7eaOShg,en
7GNhVIEANoA,it
q2Nw13KiTeQ,it
FxGHJYxmmHA,it
PwzSDx-Sevk,it
pG82iwwiGOo,it
OSOuLNWE2hM,it
O6eEHitE9mw,it
qAgWqi_U_Pc,it
TtFHLIxOqk4,it
6kR6oJFd9uM,it
D7mY5sEKwDA,it
JNVY1jTAT2s,en
zHEwNhQK3LU,it
fCg-0opI0So,it
K_LBqBgcFMo,en
w45_xJPd_Lw,en
Kj7RdB7SXOY,it
lJ0Q0bu-XQ4,en
NCwA3EHLJCQ,en
HOLMoSIQafc,it
W2VIUVqjRxw,it
cE0Y1iuIqFo,it
H8vGAaA6aq4,it
CUVGEsZrYCM,pt
DoWWOS81pMM,it
7Jy--SxVSIo,it
0Zgo9tEn9Oc,it
